<?xml version="1.0" encoding="utf-8" standalone="no"?>
<omnifocus xmlns="http://www.omnigroup.com/namespace/OmniFocus/v1" app-id="com.omnigroup.OmniFocus" app-version="77.41.6.0.121031" os-name="NSMACHOperatingSystem" os-version="10.6.2" machine-model="MacBook2,1"><task id="dI7KRLKQ_r4" op="update"><project><last-review>2010-03-16T00:00:00.000Z</last-review><review-interval>@1w</review-interval></project><added>2010-03-16T19:32:18.845Z</added><modified>2010-03-16T19:32:34.109Z</modified><name>Shared Project</name><note><text><p><run><lit>(@jfenton)</lit></run></p></text></note><rank>0</rank></task><task id="ky3-KrQdCSp" op="update"><task idref="dI7KRLKQ_r4"/><added>2010-03-16T19:32:29.781Z</added><modified>2010-03-16T19:32:34.109Z</modified><name>Task 1</name><rank>0</rank><order>parallel</order></task></omnifocus>
